{
  "id_classification": {
    "accuracy": 0.9363729159578088,
    "class_accuracy": {
      "0": 1.0,
      "1": 0.9333333333333333,
      "2": 1.0,
      "3": 0.75,
      "4": 0.6875,
      "5": 0.8333333333333334,
      "6": 1.0,
      "7": 0.9607843137254902,
      "8": 1.0,
      "9": 0.875,
      "10": 0.8469945355191257,
      "11": 0.937046004842615,
      "12": 0.6666666666666666,
      "13": 1.0,
      "14": 0.916083916083916,
      "15": 0.984375,
      "16": 0.9166666666666666,
      "17": 0.9696969696969697,
      "18": 1.0,
      "19": 0.775,
      "20": 0.875,
      "21": 0.9830508474576272,
      "22": 1.0,
      "23": 1.0,
      "24": 0.9444444444444444,
      "25": 0.9090909090909091,
      "26": 0.8571428571428571,
      "27": 0.7,
      "28": 0.8333333333333334,
      "29": 0.4375,
      "30": 0.8987341772151899,
      "31": 0.5,
      "32": 1.0,
      "33": 0.8571428571428571,
      "34": 0.96875,
      "35": 0.9333333333333333,
      "36": 0.987012987012987,
      "37": 1.0,
      "38": 0.9866666666666667,
      "39": 0.45454545454545453,
      "40": 0.9298245614035088,
      "41": 0.8125,
      "42": 0.875,
      "43": 0.7142857142857143,
      "44": 0.85,
      "45": 0.958904109589041,
      "46": 1.0,
      "47": 1.0,
      "48": 0.9411764705882353,
      "49": 0.9487179487179487,
      "50": 1.0,
      "51": 0.9787798408488063,
      "52": 1.0,
      "53": 1.0
    },
    "class_sample_counts": {
      "0": 