{
  "id_classification": {
    "accuracy": 0.9605307927866621,
    "class_accuracy": {
      "0": 0.9943820224719101,
      "1": 0.9333333333333333,
      "2": 1.0,
      "3": 0.875,
      "4": 0.8125,
      "5": 0.8333333333333334,
      "6": 1.0,
      "7": 0.9607843137254902,
      "8": 0.8571428571428571,
      "9": 1.0,
      "10": 0.9508196721311475,
      "11": 0.9709443099273608,
      "12": 1.0,
      "13": 0.9375,
      "14": 0.951048951048951,
      "15": 0.984375,
      "16": 0.8958333333333334,
      "17": 0.9696969696969697,
      "18": 1.0,
      "19": 0.9,
      "20": 0.875,
      "21": 1.0,
      "22": 1.0,
      "23": 1.0,
      "24": 1.0,
      "25": 0.9090909090909091,
      "26": 0.8571428571428571,
      "27": 0.9,
      "28": 0.7777777777777778,
      "29": 0.9375,
      "30": 0.9493670886075949,
      "31": 0.75,
      "32": 0.9894736842105263,
      "33": 0.9047619047619048,
      "34": 0.96875,
      "35": 0.9333333333333333,
      "36": 1.0,
      "37": 1.0,
      "38": 0.9866666666666667,
      "39": 0.5454545454545454,
      "40": 0.9122807017543859,
      "41": 0.875,
      "42": 0.875,
      "43": 0.7142857142857143,
      "44": 0.85,
      "45": 0.9452054794520548,
      "46": 1.0,
      "47": 1.0,
      "48": 0.9411764705882353,
      "49": 1.0,
      "50": 1.0,
      "51": 0.9840848806366048,
      "52": 1.0,
      "53": 1.0
    },
    "class_sample_counts": {
      "0": 