{
  "id_classification": {
    "accuracy": 0.9598502892140184,
    "class_accuracy": {
      "0": 0.9943820224719101,
      "1": 0.9333333333333333,
      "2": 0.8571428571428571,
      "3": 0.75,
      "4": 0.875,
      "5": 0.9166666666666666,
      "6": 1.0,
      "7": 0.9607843137254902,
      "8": 1.0,
      "9": 0.875,
      "10": 0.9562841530054644,
      "11": 0.9661016949152542,
      "12": 0.8888888888888888,
      "13": 0.875,
      "14": 0.951048951048951,
      "15": 0.984375,
      "16": 0.8958333333333334,
      "17": 1.0,
      "18": 1.0,
      "19": 0.9,
      "20": 0.875,
      "21": 1.0,
      "22": 1.0,
      "23": 1.0,
      "24": 0.9722222222222222,
      "25": 0.9090909090909091,
      "26": 0.9523809523809523,
      "27": 0.8,
      "28": 0.7777777777777778,
      "29": 1.0,
      "30": 0.9240506329113924,
      "31": 0.75,
      "32": 1.0,
      "33": 0.9047619047619048,
      "34": 0.96875,
      "35": 0.9333333333333333,
      "36": 1.0,
      "37": 1.0,
      "38": 0.9866666666666667,
      "39": 0.5454545454545454,
      "40": 0.9122807017543859,
      "41": 0.9375,
      "42": 1.0,
      "43": 0.7142857142857143,
      "44": 0.775,
      "45": 0.958904109589041,
      "46": 0.875,
      "47": 1.0,
      "48": 0.9411764705882353,
      "49": 0.9743589743589743,
      "50": 1.0,
      "51": 0.986737400530504,
      "52": 1.0,
      "53": 1.0
    },
    "class_sample_counts": {
      "0": 