{
  "id_classification": {
    "accuracy": 0.9360326641714869,
    "class_accuracy": {
      "0": 0.9943820224719101,
      "1": 0.9111111111111111,
      "2": 1.0,
      "3": 0.625,
      "4": 0.6875,
      "5": 0.9166666666666666,
      "6": 1.0,
      "7": 0.9607843137254902,
      "8": 0.8571428571428571,
      "9": 0.875,
      "10": 0.9289617486338798,
      "11": 0.8837772397094431,
      "12": 0.4444444444444444,
      "13": 0.9375,
      "14": 0.9440559440559441,
      "15": 1.0,
      "16": 0.9375,
      "17": 0.9393939393939394,
      "18": 1.0,
      "19": 0.825,
      "20": 1.0,
      "21": 0.9830508474576272,
      "22": 1.0,
      "23": 1.0,
      "24": 0.9722222222222222,
      "25": 0.9090909090909091,
      "26": 0.9047619047619048,
      "27": 1.0,
      "28": 0.8888888888888888,
      "29": 0.625,
      "30": 0.8860759493670886,
      "31": 0.375,
      "32": 1.0,
      "33": 0.7777777777777778,
      "34": 0.984375,
      "35": 0.9333333333333333,
      "36": 0.987012987012987,
      "37": 1.0,
      "38": 0.9866666666666667,
      "39": 0.45454545454545453,
      "40": 0.9298245614035088,
      "41": 0.75,
      "42": 0.875,
      "43": 0.7142857142857143,
      "44": 0.925,
      "45": 0.9452054794520548,
      "46": 0.875,
      "47": 1.0,
      "48": 0.9411764705882353,
      "49": 0.8974358974358975,
      "50": 1.0,
      "51": 0.9840848806366048,
      "52": 1.0,
      "53": 1.0
    },
    "class_sample_counts": {
      "0": 