{
  "id_classification": {
    "accuracy": 0.9618917999319496,
    "class_accuracy": {
      "0": 0.9943820224719101,
      "1": 0.8888888888888888,
      "2": 1.0,
      "3": 0.875,
      "4": 0.8125,
      "5": 0.875,
      "6": 0.9583333333333334,
      "7": 0.9607843137254902,
      "8": 0.8571428571428571,
      "9": 1.0,
      "10": 0.9672131147540983,
      "11": 0.9709443099273608,
      "12": 0.8888888888888888,
      "13": 1.0,
      "14": 0.965034965034965,
      "15": 0.984375,
      "16": 0.8958333333333334,
      "17": 0.9393939393939394,
      "18": 1.0,
      "19": 0.825,
      "20": 1.0,
      "21": 0.9830508474576272,
      "22": 1.0,
      "23": 1.0,
      "24": 0.9722222222222222,
      "25": 0.9090909090909091,
      "26": 0.9047619047619048,
      "27": 0.9,
      "28": 0.8333333333333334,
      "29": 1.0,
      "30": 0.9367088607594937,
      "31": 0.625,
      "32": 1.0,
      "33": 0.9047619047619048,
      "34": 0.984375,
      "35": 0.9333333333333333,
      "36": 1.0,
      "37": 1.0,
      "38": 1.0,
      "39": 0.45454545454545453,
      "40": 0.9298245614035088,
      "41": 0.875,
      "42": 0.875,
      "43": 0.5714285714285714,
      "44": 0.925,
      "45": 0.958904109589041,
      "46": 0.875,
      "47": 1.0,
      "48": 0.9411764705882353,
      "49": 1.0,
      "50": 1.0,
      "51": 0.9840848806366048,
      "52": 1.0,
      "53": 1.0
    },
    "class_sample_counts": {
      "0": 