{
  "id_classification": {
    "accuracy": 0.9360326641714869,
    "class_accuracy": {
      "0": 0.9943820224719101,
      "1": 0.9333333333333333,
      "2": 1.0,
      "3": 0.375,
      "4": 0.75,
      "5": 0.7916666666666666,
      "6": 1.0,
      "7": 0.9607843137254902,
      "8": 1.0,
      "9": 0.875,
      "10": 0.8415300546448088,
      "11": 0.9418886198547215,
      "12": 0.5555555555555556,
      "13": 0.9375,
      "14": 0.9370629370629371,
      "15": 1.0,
      "16": 0.9166666666666666,
      "17": 0.9393939393939394,
      "18": 1.0,
      "19": 0.9,
      "20": 1.0,
      "21": 0.9830508474576272,
      "22": 1.0,
      "23": 1.0,
      "24": 0.8888888888888888,
      "25": 0.9090909090909091,
      "26": 0.9047619047619048,
      "27": 0.9,
      "28": 0.8888888888888888,
      "29": 0.5625,
      "30": 0.9493670886075949,
      "31": 0.375,
      "32": 1.0,
      "33": 0.7777777777777778,
      "34": 0.984375,
      "35": 0.9333333333333333,
      "36": 0.987012987012987,
      "37": 1.0,
      "38": 0.9866666666666667,
      "39": 0.45454545454545453,
      "40": 0.9122807017543859,
      "41": 0.8125,
      "42": 0.875,
      "43": 0.7142857142857143,
      "44": 0.8,
      "45": 0.9452054794520548,
      "46": 0.875,
      "47": 1.0,
      "48": 0.8823529411764706,
      "49": 0.8205128205128205,
      "50": 1.0,
      "51": 0.9893899204244032,
      "52": 1.0,
      "53": 1.0
    },
    "class_sample_counts": {
      "0": 