{
  "id_classification": {
    "accuracy": 0.9588295338550528,
    "class_accuracy": {
      "0": 1.0,
      "1": 0.9333333333333333,
      "2": 1.0,
      "3": 0.625,
      "4": 0.8125,
      "5": 0.9166666666666666,
      "6": 1.0,
      "7": 0.9607843137254902,
      "8": 1.0,
      "9": 0.875,
      "10": 0.9398907103825137,
      "11": 0.9709443099273608,
      "12": 0.8888888888888888,
      "13": 1.0,
      "14": 0.951048951048951,
      "15": 0.984375,
      "16": 0.875,
      "17": 0.9696969696969697,
      "18": 0.9615384615384616,
      "19": 0.9,
      "20": 0.875,
      "21": 0.9830508474576272,
      "22": 1.0,
      "23": 1.0,
      "24": 1.0,
      "25": 0.9090909090909091,
      "26": 0.9523809523809523,
      "27": 0.9,
      "28": 0.7222222222222222,
      "29": 0.8125,
      "30": 0.9240506329113924,
      "31": 0.75,
      "32": 0.9894736842105263,
      "33": 0.9047619047619048,
      "34": 0.96875,
      "35": 0.9333333333333333,
      "36": 1.0,
      "37": 1.0,
      "38": 0.9866666666666667,
      "39": 0.45454545454545453,
      "40": 0.9122807017543859,
      "41": 0.9375,
      "42": 0.875,
      "43": 0.8571428571428571,
      "44": 0.825,
      "45": 0.958904109589041,
      "46": 0.875,
      "47": 1.0,
      "48": 0.9705882352941176,
      "49": 0.9743589743589743,
      "50": 1.0,
      "51": 0.9893899204244032,
      "52": 1.0,
      "53": 1.0
    },
    "class_sample_counts": {
      "0": 