{
  "id_classification": {
    "accuracy": 0.9588295338550528,
    "class_accuracy": {
      "0": 1.0,
      "1": 0.9333333333333333,
      "2": 0.8571428571428571,
      "3": 0.75,
      "4": 0.6875,
      "5": 0.8333333333333334,
      "6": 1.0,
      "7": 0.9607843137254902,
      "8": 1.0,
      "9": 1.0,
      "10": 0.9617486338797814,
      "11": 0.9612590799031477,
      "12": 0.7777777777777778,
      "13": 1.0,
      "14": 0.958041958041958,
      "15": 0.984375,
      "16": 0.9166666666666666,
      "17": 0.9696969696969697,
      "18": 1.0,
      "19": 0.9,
      "20": 1.0,
      "21": 0.9830508474576272,
      "22": 1.0,
      "23": 1.0,
      "24": 1.0,
      "25": 0.9090909090909091,
      "26": 0.9047619047619048,
      "27": 0.9,
      "28": 0.8333333333333334,
      "29": 0.9375,
      "30": 0.9240506329113924,
      "31": 0.625,
      "32": 0.9894736842105263,
      "33": 0.8888888888888888,
      "34": 0.96875,
      "35": 0.9333333333333333,
      "36": 0.987012987012987,
      "37": 1.0,
      "38": 0.9866666666666667,
      "39": 0.5454545454545454,
      "40": 0.8771929824561403,
      "41": 0.9375,
      "42": 0.875,
      "43": 0.7142857142857143,
      "44": 0.825,
      "45": 0.958904109589041,
      "46": 1.0,
      "47": 1.0,
      "48": 0.9705882352941176,
      "49": 1.0,
      "50": 1.0,
      "51": 0.986737400530504,
      "52": 1.0,
      "53": 1.0
    },
    "class_sample_counts": {
      "0": 